アイテムID,名称,値段,ジャンル,戦闘,通常,捨てる,装飾,転生,スキルID,落とせる,説明文。
0,なし,0,255,0,0,0,0,0,0,1,NULL。
1,Item001,0,255,0,0,1,0,0,0,1,Item００１。
2,Item002,0,255,0,0,1,0,0,0,1,Item００２。
3,Item003,0,255,0,0,1,0,0,0,1,Item００３。
4,Item004,0,255,0,0,1,0,0,0,1,Item００４。
5,Item005,0,255,0,0,1,0,0,0,1,Item００５。
6,Item006,0,255,0,0,1,0,0,0,1,Item００６。
7,Item007,0,255,0,0,1,0,0,0,1,Item００７。
8,Item008,0,255,0,0,1,0,0,0,1,Item００８。
9,Item009,0,255,0,0,1,0,0,0,1,Item００９。
10,数珠,100,0,0,1,1,0,0,0,1,使い捨ての数珠。\n１００歩進む間人形を寄せ付けなくなる。
11,護符,200,0,0,1,1,0,0,0,1,使い捨ての護符。\n２００歩進む間人形を寄せ付けなくなる。
12,勾玉,300,0,0,1,1,0,0,0,1,使い捨ての勾玉。\n３００歩進む間人形を寄せ付けなくなる。
13,Item013,0,255,0,0,1,0,0,0,1,Item０１３。
14,Item014,0,255,0,0,1,0,0,0,1,Item０１４。
15,Item015,0,255,0,0,1,0,0,0,1,Item０１５。
16,銅銭,400,0,0,0,1,0,0,0,1,貨幣としては使えない。\n安い値段で売れる。
17,時計,400,0,0,0,1,0,0,0,1,外の世界から流れ着いた時間を教えてくれる道具。\n安い値段で売れる。
18,Item018,0,255,0,0,1,0,0,0,1,Item０１８。
19,Item019,0,255,0,0,1,0,0,0,1,Item０１９。
20,砂金,1000,0,0,0,1,0,0,0,1,砂状の純金。\nそこそこの値段で売れる。\n怨霊は憑いていない。
21,真珠,1000,0,0,0,1,0,0,0,1,白色の宝石。\nそこそこの値段で売れる。
22,Item022,0,255,0,0,1,0,0,0,1,Item０２２。
23,Item023,0,255,0,0,1,0,0,0,1,Item０２３。
24,キノコの粉,3000,0,0,0,1,0,0,0,1,何に使うのかは不明。\n結構な値段で売れる。\n取扱注意。
25,魔導書,3000,0,0,0,1,0,0,0,1,何と書いてあるのかは不明。\n結構な値段で売れる。
26,二折携帯ゲーム機,6000,0,0,0,0,0,0,0,1,二つ折りの携帯ゲーム機。
27,二折携帯ゲーム機,6000,0,0,0,1,0,0,0,1,二つ折りの携帯ゲーム機。\n幻想郷では使えそうにないので 売ってしまおう。
28,銀貨,10000,0,0,0,1,0,0,0,1,貨幣としては使えない。\n高額で売れる。
29,ビンテージワイン,10000,0,0,0,1,0,0,0,1,年代物のワイン。\n高額で売れる。
30,Item030,0,255,0,0,1,0,0,0,1,Item０３０。
31,Item031,0,255,0,0,1,0,0,0,1,Item０３１。
32,金貨,20000,0,0,0,1,0,0,0,1,貨幣としては使えない。\nかなり高額で売れる。
33,魔力の結晶,20000,0,0,0,1,0,0,0,1,魔力が長い時間を経て結晶化した物。\nかなり高額で売れる。
34,Item034,0,255,0,0,1,0,0,0,1,Item０３４。
35,Item035,0,255,0,0,1,0,0,0,1,Item０３５。
36,Item036,0,255,0,0,1,0,0,0,1,Item０３６。
37,魔力の欠片,400,0,0,0,1,0,0,0,1,結晶化した魔力の欠片。何かに使えそうだから とっておこう。
39,Item038,0,255,0,0,1,0,0,0,1,Item０３８。
39,Item039,0,255,0,0,1,0,0,0,1,Item０３９。
40,Item040,0,255,0,0,1,0,0,0,1,Item０４０。
41,Item041,0,255,0,0,1,0,0,0,1,Item０４１。
42,転生用印セット,0,0,0,0,1,0,0,0,1,Item０４２。
43,紅の印,0,0,0,0,0,0,1,0,1,紅色の印章。\n転生する時にセットすると 人形に紅の印が付く。
44,蒼の印,0,0,0,0,0,0,1,0,1,蒼色の印章。\n転生する時にセットすると 人形に蒼の印が付く。
45,黒の印,0,0,0,0,0,0,1,0,1,黒色の印章。\n転生する時にセットすると 人形に黒の印が付く。
46,白の印,0,0,0,0,0,0,1,0,1,白色の印章。\n転生する時にセットすると 人形に白の印が付く。
47,碧の印,0,0,0,0,0,0,1,0,1,碧色の印章。\n転生する時にセットすると 人形に碧の印が付く。
48,Item048,0,255,0,0,1,0,0,0,1,Item０４８。
49,透の魔石,0,0,0,0,0,0,2,0,1,不思議な魔石。\n転生する時にセットすると 全能力の個体ランクが変化しない。
50,金の魔石,0,0,0,0,0,0,2,0,1,不思議な魔石。\n転生する時にセットすると ＨＰの個体ランクが変化しない。
51,紅の魔石,0,0,0,0,0,0,2,0,1,不思議な魔石。\n転生する時にセットすると 集弾の個体ランクが変化しない。
52,蒼の魔石,0,0,0,0,0,0,2,0,1,不思議な魔石。\n転生する時にセットすると 集防の個体ランクが変化しない。
53,黒の魔石,0,0,0,0,0,0,2,0,1,不思議な魔石。\n転生する時にセットすると 散弾の個体ランクが変化しない。
54,白の魔石,0,0,0,0,0,0,2,0,1,不思議な魔石。\n転生する時にセットすると 散防の個体ランクが変化しない。
55,碧の魔石,0,0,0,0,0,0,2,0,1,不思議な魔石。\n転生する時にセットすると 俊敏の個体ランクが変化しない。
56,虹の魔石,0,0,0,0,0,0,2,0,1,不思議な魔石。\n転生する時にセットすると 継承する個体ランクが増える。
57,Item057,0,255,0,0,1,0,0,0,1,Item０５７。
58,Item058,0,255,0,0,1,0,0,0,1,Item０５８。
59,胡蝶夢丸,1000,0,0,0,1,0,0,0,1,普通では満足できないあなたに\nナイトメアタイプ。
60,Item060,0,255,0,0,1,0,0,0,1,Item０６０。
61,Item061,0,255,0,0,1,0,0,0,1,Item０６１。
62,Item062,0,255,0,0,1,0,0,0,1,Item０６２。
63,Item063,0,255,0,0,1,0,0,0,1,Item０６３。
64,Item064,0,255,0,0,1,0,0,0,1,Item０６４。
65,Item065,0,255,1,1,1,0,0,0,1,Item０６５。
66,Item066,0,255,1,1,1,0,0,0,1,Item０６６。
67,Item067,0,255,1,1,1,0,0,0,1,Item０６７。
68,Item068,0,255,1,1,1,0,0,0,1,Item０６８。
69,Item069,0,255,1,1,1,0,0,0,1,Item０６９。
70,Item070,0,255,1,1,1,0,0,0,1,Item０７０。
71,藤原煎餅,300,1,1,1,1,0,0,0,1,竹炭で焼かれた堅焼き煎餅。\nＨＰを２０回復する。
72,白玉団子,500,1,1,1,1,0,0,0,1,白玉楼主人のお墨付きの団子。\nＨＰを５０回復する。
73,地霊饅頭,700,1,1,1,1,0,0,0,1,お土産に大人気の饅頭。\nＨＰを１００回復する。
74,霧の水羊羹,1200,1,1,1,1,0,0,0,1,甘さ控えめの水羊羹。\nＨＰを２００回復する。
75,太陽の餡蜜,2500,1,1,1,1,0,0,0,1,果物たっぷりの餡蜜。\nＨＰを全回復する。
76,有頂天セット,3000,1,1,1,1,0,0,0,1,天界産の桃の詰め合わせ。\nＨＰを完全回復し 状態異常を回復する。
77,守矢の神酒,1500,1,1,1,1,0,0,0,1,守矢神社で献供された神酒。\n戦闘不能を回復し ＨＰを半分回復する。
78,博麗の神酒,4000,1,1,1,1,0,0,0,1,博麗神社で献供された神酒。\n戦闘不能を回復し ＨＰを全回復する。
79,命蓮茶,600,1,1,1,1,0,0,0,1,命蓮寺の尼僧が淹れたお茶。\nまったりした気分になり 状態異常を回復する。
80,Item080,0,255,1,1,1,0,0,0,1,Item０８０。
81,Item081,0,255,1,1,1,0,0,0,1,Item０８１。
82,Item082,0,255,1,1,1,0,0,0,1,Item０８２。
83,Item083,0,255,1,1,1,0,0,0,1,Item０８３。
84,純米酒,1200,255,1,1,1,0,0,0,1,人形のスキル１つのＳＰを１０回復させる。\n未実装。
85,本醸造酒,2000,255,1,1,1,0,0,0,1,人形のスキル１つのＳＰを全回復させる。\n未実装。
86,吟醸酒,3000,255,1,1,1,0,0,0,1,人形のスキル全てのＳＰを１０回復させる。\n未実装。
87,大吟醸酒,4500,255,1,1,1,0,0,0,1,人形のスキル全てのＳＰを全回復させる。\n未実装。
88,Item088,0,255,1,1,1,0,0,0,1,Item０８８。
89,Item089,0,255,1,1,1,0,0,0,1,Item０８９。
90,Item090,0,255,1,1,1,0,0,0,1,Item０９０。
91,Item091,0,255,1,1,1,0,0,0,1,Item０９１。
92,七色の飴,4800,1,0,1,1,0,0,0,1,七色をした飴玉。\n人形のレベルを１上げる。
93,Item093,0,255,1,1,1,0,0,0,1,Item０９３。
94,Item094,0,255,1,1,1,0,0,0,1,Item０９４。
95,Item095,0,255,1,1,1,0,0,0,1,Item０９５。
96,Item096,0,255,1,1,1,0,0,0,1,Item０９６。
97,Item097,0,255,1,1,1,0,0,0,1,Item０９７。
98,Item098,0,255,1,1,1,0,0,0,1,Item０９８。
99,Item099,0,255,1,1,1,0,0,0,1,Item０９９。
100,Item100,0,255,1,1,1,0,0,0,1,Item１００。
101,Item101,0,255,1,1,1,0,0,0,1,Item１０１。
102,Item102,0,255,1,1,1,0,0,0,1,Item１０２。
103,Item103,0,255,1,1,1,0,0,0,1,Item１０３。
104,Item104,0,255,1,1,1,0,0,0,1,Item１０４。
105,Item105,0,255,1,1,1,0,0,0,1,Item１０５。
106,Item106,0,255,1,1,1,0,0,0,1,Item１０６。
107,Item107,0,255,1,1,1,0,0,0,1,Item１０７。
108,Item108,0,255,1,1,1,0,0,0,1,Item１０８。
109,Item109,0,255,1,1,1,0,0,0,1,Item１０９。
110,Item110,0,255,1,1,1,0,0,0,1,Item１１０。
111,Item111,0,255,1,1,1,0,0,0,1,Item１１１。
112,Item112,0,255,1,1,1,0,0,0,1,Item１１２。
113,Item113,0,255,1,1,1,0,0,0,1,Item１１３。
114,Item114,0,255,1,1,1,0,0,0,1,Item１１４。
115,Item115,0,255,1,1,1,0,0,0,1,Item１１５。
116,Item116,0,255,1,1,1,0,0,0,1,Item１１６。
117,Item117,0,255,1,1,1,0,0,0,1,Item１１７。
118,Item118,0,255,1,1,1,0,0,0,1,Item１１８。
119,Item119,0,255,1,1,1,0,0,0,1,Item１１９。
120,Item120,0,255,1,1,1,0,0,0,1,Item１２０。
121,Item121,0,255,1,1,1,0,0,0,1,Item１２１。
122,Item122,0,255,1,1,1,0,0,0,1,Item１２２。
123,Item123,0,255,1,1,1,0,0,0,1,Item１２３。
124,Item124,0,255,1,1,1,0,0,0,1,Item１２４。
125,Item125,0,255,1,1,1,0,0,0,1,Item１２５。
126,Item126,0,255,1,1,1,0,0,0,1,Item１２６。
127,Item127,0,255,1,1,1,0,0,0,1,Item１２７。
128,Item128,0,255,1,1,1,0,0,0,1,Item１２８。
129,Item129,0,255,0,0,1,1,0,0,1,Item１２９。
130,Item130,0,255,0,0,1,1,0,0,1,Item１３０。
131,Item131,20,255,0,0,1,1,0,0,1,人形に持たせると無属性のスキルの威力を弱める。\n未実装。
132,耐炎の符,15000,2,0,0,1,1,0,0,1,人形に持たせると炎属性のスキルの威力を弱める。
133,耐水の符,15000,2,0,0,1,1,0,0,1,人形に持たせると水属性のスキルの威力を弱める。
134,耐然の符,15000,2,0,0,1,1,0,0,1,人形に持たせると自然属性のスキルの威力を弱める。
135,耐地の符,15000,2,0,0,1,1,0,0,1,人形に持たせると大地属性のスキルの威力を弱める。
136,耐鋼の符,15000,2,0,0,1,1,0,0,1,人形に持たせると鋼鉄属性のスキルの威力を弱める。
137,耐風の符,15000,2,0,0,1,1,0,0,1,人形に持たせると風属性のスキルの威力を弱める。
138,耐雷の符,15000,2,0,0,1,1,0,0,1,人形に持たせると雷属性のスキルの威力を弱める。
139,耐光の符,15000,2,0,0,1,1,0,0,1,人形に持たせると光属性のスキルの威力を弱める。
140,耐闇の符,15000,2,0,0,1,1,0,0,1,人形に持たせると闇属性のスキルの威力を弱める。
141,耐冥の符,15000,2,0,0,1,1,0,0,1,人形に持たせると冥属性のスキルの威力を弱める。
142,耐毒の符,15000,2,0,0,1,1,0,0,1,人形に持たせると毒属性のスキルの威力を弱める。
143,耐闘の符,15000,2,0,0,1,1,0,0,1,人形に持たせると闘属性のスキルの威力を弱める。
144,耐幻の符,15000,2,0,0,1,1,0,0,1,人形に持たせると幻属性のスキルの威力を弱める。
145,耐音の符,15000,2,0,0,1,1,0,0,1,人形に持たせると音属性のスキルの威力を弱める。
146,耐歪の符,15000,2,0,0,1,1,0,0,1,人形に持たせると歪属性のスキルの威力を弱める。
147,Item147,0,255,0,0,1,1,0,0,1,Item１４７。
148,魚鱗の符,50000,2,0,0,1,1,0,0,1,人形に持たせるとピンチの時に集弾が上がる。
149,衡軛の符,50000,2,0,0,1,1,0,0,1,人形に持たせるとピンチの時に集防が上がる。
150,鶴翼の符,50000,2,0,0,1,1,0,0,1,人形に持たせるとピンチの時に散弾が上がる。
151,方円の符,50000,2,0,0,1,1,0,0,1,人形に持たせるとピンチの時に散防が上がる。
152,散兵の符,50000,2,0,0,1,1,0,0,1,人形に持たせるとピンチの時に俊敏が上がる。
153,偃月の符,50000,2,0,0,1,1,0,0,1,人形に持たせるとピンチの時に痛烈な一撃が出やすくなる。
154,方陣の符,50000,2,0,0,1,1,0,0,1,人形に持たせるとピンチの時に能力１つが大きく上がる。
155,鋒矢の符,50000,2,0,0,1,1,0,0,1,人形に持たせるとピンチの時に命中が上がる。
156,雁行の符,50000,2,0,0,1,1,0,0,1,人形に持たせるとピンチの時に回避が上がる。
157,Item157,0,255,0,0,1,1,0,0,1,Item１５７。
158,Item158,0,255,0,0,1,1,0,0,1,Item１５８。
159,Item159,0,255,0,0,1,1,0,0,1,Item１５９。
160,神速の符,15000,255,0,0,1,1,0,0,1,人形に持たせるとピンチの時に相手より先に行動できる。未実装
161,生命の符,50000,2,0,0,1,1,0,0,1,人形に持たせるとＨＰを少し回復する。
162,Item162,0,255,0,0,1,1,0,0,1,Item１６２。
163,Item163,0,255,0,0,1,1,0,0,1,Item１６３。
164,Item164,0,255,0,0,1,1,0,0,1,Item１６４。
165,治癒の符,50000,2,0,0,1,1,0,0,1,人形に持たせると状態異常を回復する。
166,按摩の符,20000,2,0,0,1,1,0,0,1,人形に持たせると麻痺を回復する。
167,覚醒の符,20000,2,0,0,1,1,0,0,1,人形に持たせると停止を回復する。
168,解毒の符,20000,2,0,0,1,1,0,0,1,人形に持たせると毒・猛毒を回復する。
169,八上の符,20000,2,0,0,1,1,0,0,1,人形に持たせると火傷・大火傷を回復する。
170,光明の符,20000,2,0,0,1,1,0,0,1,人形に持たせると暗闇を回復する。
171,安堵の符,20000,2,0,0,1,1,0,0,1,人形に持たせると恐怖を回復する。
172,気付の符,20000,2,0,0,1,1,0,0,1,人形に持たせると衰弱を回復する。
173,収拾の符,20000,2,0,0,1,1,0,0,1,人形に持たせると混乱を回復する。
174,Item174,0,255,0,0,1,1,0,0,1,Item１７４。
175,Item175,0,255,0,0,1,1,0,0,1,Item１７５。
176,Item176,0,255,0,0,1,1,0,0,1,Item１７６。
177,解呪の符,50000,2,0,0,1,1,0,0,1,人形に持たせると自由にスキルが出せなくなった時に１度だけ回復する。
178,Item178,0,255,0,0,1,1,0,0,1,Item１７８。
179,Item179,0,255,0,0,1,1,0,0,1,Item１７９。
180,手当の符,1500,2,0,0,1,1,0,0,1,人形に持たせるとＨＰを２０回復する。
181,再始の符,20,255,0,0,1,1,0,0,1,人形に持たせるとＳＰが切れた時に１０回復する。未実装
182,Item182,0,255,0,0,1,1,0,0,1,Item１８２。
183,Item183,0,255,0,0,1,1,0,0,1,Item１８３。
184,茨の符,50000,2,0,0,1,1,0,0,1,人形に持たせると攻撃スキルを受けた時に相手にダメージを与える。
185,反射の符,20,255,0,0,1,1,0,0,1,人形に持たせると拡散スキルを受けた時に相手にダメージを与える。未実装
186,Item186,0,255,0,0,1,1,0,0,1,Item１８６。
187,Item187,0,255,0,0,1,1,0,0,1,Item１８７。
188,Item188,0,255,0,0,1,1,0,0,1,Item１８８。
189,禊の符,100000,2,0,0,1,1,0,0,1,人形に持たせると能力が下がった時に１度だけ元の状態に戻す。
190,速攻の符,100000,2,0,0,1,1,0,0,1,人形に持たせると溜めが必要なスキルを１ターンで使う事が出来る。
191,Item191,0,255,0,0,1,1,0,0,1,Item１９１。
192,Item192,0,255,0,0,1,1,0,0,1,Item１９２。
193,Item193,0,255,0,0,1,1,0,0,1,Item１９３。
194,退場勧告,250000,2,0,0,1,1,0,0,1,持たせると攻撃を受けた時に相手を強制的に交代させる。
195,退却の心得書,250000,2,0,0,1,1,0,0,1,持たせると攻撃を受けた時に手持ちの人形と入れ替われる。
196,Item196,0,255,0,0,1,1,0,0,1,Item１９６。
197,Item197,0,255,0,0,1,1,0,0,1,Item１９７。
198,黒いチョーカー,250000,2,0,0,1,1,0,0,1,持たせるとＨＰが満タンの時に戦闘不能になるダメージを受けてもＨＰ１で耐える。
199,Item199,0,255,0,0,1,1,0,0,1,Item１９９。
200,Item200,0,255,0,0,1,1,0,0,1,Item２００。
201,ダイアモンド,25000,2,0,0,1,1,0,0,1,透明な宝石。\n持たせると一度だけ無属性のスキルの威力が上がる。
202,ルビー,25000,2,0,0,1,1,0,0,1,赤色の宝石。\n持たせると一度だけ炎属性のスキルの威力が上がる。
203,サファイア,25000,2,0,0,1,1,0,0,1,水色の宝石。\n持たせると一度だけ水属性のスキルの威力が上がる。
204,エメラルド,25000,2,0,0,1,1,0,0,1,深緑色の宝石。\n持たせると一度だけ自然属性のスキルの威力が上がる。
205,タイガーアイ,25000,2,0,0,1,1,0,0,1,茶色の宝石。\n持たせると一度だけ大地属性のスキルの威力が上がる。
206,ヘマタイト,25000,2,0,0,1,1,0,0,1,灰色の宝石。\n持たせると一度だけ鋼鉄属性のスキルの威力が上がる。
207,ヒスイ,25000,2,0,0,1,1,0,0,1,翡翠色の宝石。\n持たせると一度だけ風属性のスキルの威力が上がる。
208,トパーズ,25000,2,0,0,1,1,0,0,1,黄色の宝石。\n持たせると一度だけ雷属性のスキルの威力が上がる。
209,オパール,25000,2,0,0,1,1,0,0,1,虹色の宝石。\n持たせると一度だけ光属性のスキルの威力が上がる。
210,オブシディアン,25000,2,0,0,1,1,0,0,1,黒色の宝石。\n持たせると一度だけ闇属性のスキルの威力が上がる。
211,スギライト,25000,2,0,0,1,1,0,0,1,紫黒色の宝石。\n持たせると一度だけ冥属性のスキルの威力が上がる。
212,アメジスト,25000,2,0,0,1,1,0,0,1,紫色の宝石。\n持たせると一度だけ毒属性のスキルの威力が上がる。
213,アンバー,25000,2,0,0,1,1,0,0,1,橙色の宝石。\n持たせると一度だけ闘属性のスキルの威力が上がる。
214,モルガナイト,25000,2,0,0,1,1,0,0,1,牡丹色の宝石。\n持たせると一度だけ幻属性のスキルの威力が上がる。
215,オニキス,25000,2,0,0,1,1,0,0,1,縞模様の宝石。\n持たせると一度だけ音属性のスキルの威力が上がる。
216,ラピスラズリ,25000,2,0,0,1,1,0,0,1,藍色の宝石。\n持たせると一度だけ歪属性のスキルの威力が上がる。
217,Item217,0,255,0,0,1,1,0,0,1,Item２１７。
218,Item218,0,255,0,0,1,1,0,0,1,Item２１８。
219,浮遊石,120000,2,0,0,1,1,0,0,1,持たせると大地属性のスキルを無効化するが 大地属性以外のスキルを受けるとなくなる。
220,反骨の心得書,250000,2,0,0,1,1,0,0,1,持たせると属性結界を貫通された時に集弾と散弾が大きく上がる。
221,呪いの経典,0,255,0,0,1,1,0,0,1,持たせるとターンの終わりにアビリティを失う。未実装
222,銅鏡,120000,2,0,0,1,1,0,0,1,青銅製の鏡。\n持たせると相手の能力が上がった時に自分の能力も上がる。
223,Item223,0,255,0,0,1,1,0,0,1,Item２２３。
224,金の符,250000,2,0,0,1,1,0,0,1,持たせると集中スキルを受けた時に 集防が上がる。
225,銀の符,250000,2,0,0,1,1,0,0,1,持たせると拡散スキルを受けた時に 集防が上がる。
226,Item226,0,255,0,0,1,1,0,0,1,Item２２６。
227,Item227,0,255,0,0,1,1,0,0,1,Item２２７。
228,Item228,0,255,0,0,1,1,0,0,1,Item２２８。
229,Item229,0,255,0,0,1,1,0,0,1,Item２２９。
230,Item230,0,255,0,0,1,1,0,0,1,Item２３０。
231,Item231,0,255,0,0,1,1,0,0,1,Item２３１。
232,Item232,0,255,0,0,1,1,0,0,1,Item２３２。
233,Item233,0,255,0,0,1,1,0,0,1,Item２３３。
234,Item234,0,255,0,0,1,1,0,0,1,Item２３４。
235,Item235,0,255,0,0,1,1,0,0,1,Item２３５。
236,Item236,0,255,0,0,1,1,0,0,1,Item２３６。
237,Item237,0,255,0,0,1,1,0,0,1,Item２３７。
238,Item238,0,255,0,0,1,1,0,0,1,Item２３８。
239,Item239,0,255,0,0,1,1,0,0,1,Item２３９。
240,Item240,0,255,0,0,1,1,0,0,1,Item２４０。
241,Item241,0,255,0,0,1,1,0,0,1,Item２４１。
242,Item242,0,255,0,0,1,1,0,0,1,Item２４２。
243,Item243,0,255,0,0,1,1,0,0,1,Item２４３。
244,Item244,0,255,0,0,1,1,0,0,1,Item２４４。
245,Item245,0,255,0,0,1,1,0,0,1,Item２４５。
246,Item246,0,255,0,0,1,1,0,0,1,Item２４６。
247,Item247,0,255,0,0,1,1,0,0,1,Item２４７。
248,Item248,0,255,0,0,1,1,0,0,1,Item２４８。
249,Item249,0,255,0,0,1,1,0,0,1,Item２４９。
250,Item250,0,255,0,0,1,1,0,0,1,Item２５０。
251,Item251,0,255,0,0,1,1,0,0,1,Item２５１。
252,Item252,0,255,0,0,1,1,0,0,1,Item２５２。
253,Item253,0,255,0,0,1,1,0,0,1,Item２５３。
254,Item254,0,255,0,0,1,1,0,0,1,Item２５４。
255,Item255,0,255,0,0,1,1,0,0,1,Item２５５。
256,Item256,0,255,0,0,1,1,0,0,1,Item２５６。
257,Item257,0,255,0,0,1,1,0,0,1,Item２５７。
258,Item258,0,255,0,0,1,1,0,0,1,Item２５８。
259,Item259,0,255,0,0,1,1,0,0,1,Item２５９。
260,Item260,0,255,0,0,1,1,0,0,1,Item２６０。
261,赤いリング,1000,3,0,0,1,1,0,0,1,赤色の指輪。\n持たせると集中スキルの威力が上がる。
262,青いピアス,1000,3,0,0,1,1,0,0,1,青色の耳飾り。\n持たせると拡散スキルの威力が上がる。
263,必殺の極意,120000,3,0,0,1,1,0,0,1,戦いの心得が書かれた書物。\n持たせると属性結界を貫通した時にあたえるダメージが増える。
264,藁人形,120000,3,0,0,1,1,0,0,1,呪術に使う藁人形。\n持たせるとスキルの威力が上がるが 攻撃すると自分もダメージを受ける。
265,こだわりリング,250000,3,0,0,1,1,0,0,1,持たせると集中スキルの威力が上がるが 同じスキルしか出せなくなる。
266,こだわりピアス,250000,3,0,0,1,1,0,0,1,持たせると拡散スキルの威力が上がるが 同じスキルしか出せなくなる。
267,こだわりベルト,250000,3,0,0,1,1,0,0,1,持たせると俊敏が上がるが 同じスキルしか出せなくなる。
268,連撃の極意,12000,3,0,0,1,1,0,0,1,戦いの心得が書かれた書物。\n持たせると同じスキルを出すごとに与えるダメージが増える。
269,鉄下駄,1000,3,0,0,1,1,0,0,1,鉄製の重たい下駄。\n持たせると俊敏が下がる。
270,ロザリオ,40000,3,0,0,1,1,0,0,1,十字架状の祈りに使う道具。\n持たせると相手のスキルが命中しにくくなる。
271,双眼鏡,40000,3,0,0,1,1,0,0,1,持たせるとスキルの命中率が上がる。
272,望遠鏡,40000,3,0,0,1,1,0,0,1,持たせると相手より後に行動した時にスキルの命中率が上がる。
273,タリスマン,40000,3,0,0,1,1,0,0,1,円盤状の御守り。\n持たせると相手にダメージを与えた時にＨＰを回復する。未実装
274,包帯,40000,3,0,0,1,1,0,0,1,手当に使う包帯。\n持たせると吸収スキルによる回復量を増やす。
275,マジックリング,40000,3,0,0,1,1,0,0,1,不思議な指輪。\n持たせると痛烈な一撃が出やすくなる。
276,黒いリング,40000,3,0,0,1,1,0,0,1,真っ黒な指輪。\n持たせると戦闘不能になる様なダメージを受けてもＨＰ１で耐える事がある。
277,丈夫なツル,0,255,0,0,1,1,0,0,1,持たせると締めつけるスキルの持続ターン数が固定される。未実装
278,丈夫な縄,40000,3,0,0,1,1,0,0,1,持たせると締めつけるスキルの威力を上げる。
279,覇者の証,40000,3,0,0,1,1,0,0,1,威厳のあるバッジ。\n持たせるとスキルが命中した時に相手を怯ませる事がある。
280,羽付の帽子,0,255,0,0,1,1,0,0,1,羽飾りの付いた帽子。\n持たせると相手より先に行動できる事がある。未実装
281,重たい甲冑,1500,3,0,0,1,1,0,0,1,持たせると相手より後に行動する。
282,兵糧丸,120000,3,0,0,1,1,0,0,1,便利な携行食糧。\n持たせると人形のＨＰが戦闘の間少しずつ回復する。
283,毒壺,25000,3,0,0,1,1,0,0,1,持たせると毒属性の人形はターン毎にＨＰが少しずつ回復する。\n毒属性以外に持たせるとダメージを受ける。
284,鳥兜の根,25000,3,0,0,1,1,0,0,1,猛毒のある根。\n持たせた人形を猛毒状態にする。
285,焼けた石,25000,3,0,0,1,1,0,0,1,火にくべた石。\n持たせた人形を火傷状態にする。
286,身代りの木札,5000,3,0,0,1,1,0,0,1,人型の木札。\n持たせると交換出来なくなった時にその効果を無効化する。
287,金のかんざし,250000,3,0,0,1,1,0,0,1,金色のかんざし。\n持たせると集防が上がるが 変化スキルを出せなくなる。
288,銀のかんざし,250000,3,0,0,1,1,0,0,1,銀色のかんざし。\n持たせると散防が上がるが 変化スキルを出せなくなる。
289,防護マスク,0,255,0,0,1,1,0,0,1,気密性の高いマスク。\n持たせると天候や粉系のスキルの影響を受けなくなる。未実装
290,小型ビット,10000,3,0,0,1,1,0,0,1,持たせると威力の低いスキルを受けた時に相手にもダメージを与える。
291,呪われた人形,3000,3,0,0,1,1,0,0,1,持っていると属性相性で無効の 相手のスキルが当たるようになる。
292,蛍石,120000,3,0,0,1,1,0,0,1,持たせるとフィールドプロテクト・バリアの持続ターン数が延びる。
293,大盾,5000,3,0,0,1,1,0,0,1,大型の盾。\n持たせると属性結界で阻んだ時にダメージを軽減するが 貫通されると大ダメージを受ける。
294,龍神の御守,5000,3,0,0,1,1,0,0,1,持たせると痛烈な一撃を受けなくなる。
295,Item295,0,255,0,0,1,1,0,0,1,Item２９５。
296,Item296,0,255,0,0,1,1,0,0,1,Item２９６。
297,Item297,0,255,0,0,1,1,0,0,1,Item２９７。
298,Item298,0,255,0,0,1,1,0,0,1,Item２９８。
299,Item299,0,255,0,0,1,1,0,0,1,Item２９９。
300,Item300,0,255,0,0,1,1,0,0,1,Item３００。
301,Item301,0,255,0,0,1,1,0,0,1,Item３０１。
302,Item302,0,255,0,0,1,1,0,0,1,Item３０２。
303,全能の霊石,250000,3,0,0,1,1,0,0,1,人形に持たせると全ての天候の時間がいつもより長くなる。
304,静寂の霊石,100000,3,0,0,1,1,0,0,1,人形に持たせると凪の時間がいつもより長くなる。
305,後光の霊石,100000,3,0,0,1,1,0,0,1,人形に持たせると極光の時間がいつもより長くなる。
306,宵闇の霊石,100000,3,0,0,1,1,0,0,1,人形に持たせると濃霧の時間がいつもより長くなる。
307,砂塵の霊石,100000,3,0,0,1,1,0,0,1,人形に持たせると黄砂の時間がいつもより長くなる。
308,天泣の霊石,100000,3,0,0,1,1,0,0,1,人形に持たせると天気雨の時間がいつもより長くなる。
309,Item309,0,255,0,0,1,1,0,0,1,Item３０９。
310,Item310,0,255,0,0,1,1,0,0,1,Item３１０。
311,Item311,0,255,0,0,1,1,0,0,1,Item３１１。
312,Item312,0,255,0,0,1,1,0,0,1,Item３１２。
313,Item313,0,255,0,0,1,1,0,0,1,Item３１３。
314,Item314,0,255,0,0,1,1,0,0,1,Item３１４。
315,白色の髪飾り,1000,3,0,0,1,1,0,0,1,純白の髪飾り。\n持たせると無属性のスキルの威力が上がる。
316,緋色の髪飾り,1000,3,0,0,1,1,0,0,1,燃えるような赤色の髪飾り。\n持たせると炎属性のスキルの威力が上がる。
317,瑠璃色の髪飾り,1000,3,0,0,1,1,0,0,1,鮮やかな青色の髪飾り。\n持たせると水属性のスキルの威力が上がる。
318,草色の髪飾り,1000,3,0,0,1,1,0,0,1,草の様な緑色の髪飾り。\n持たせると自然属性のスキルの威力が上がる。
319,黄土色の髪飾り,1000,3,0,0,1,1,0,0,1,土色をした髪飾り。\n持たせると大地属性のスキルの威力が上がる。
320,鋼色の髪飾り,1000,3,0,0,1,1,0,0,1,くすんだ灰色の髪飾り。\n持たせると鋼鉄属性のスキルの威力が上がる。
321,翡翠色の髪飾り,1000,3,0,0,1,1,0,0,1,透き通るような緑色の髪飾り。\n持たせると風属性のスキルの威力が上がる。
322,黄色の髪飾り,1000,3,0,0,1,1,0,0,1,澄んだ黄色の髪飾り。\n持たせると雷属性のスキルの威力が上がる。
323,虹色の髪飾り,1000,3,0,0,1,1,0,0,1,鮮やかな虹色に輝く髪飾り。\n持たせると光属性のスキルの威力が上がる。
324,黒色の髪飾り,1000,3,0,0,1,1,0,0,1,黒一色の髪飾り。\n持たせると闇属性のスキルの威力が上がる。
325,紫黒色の髪飾り,1000,3,0,0,1,1,0,0,1,紫がかった黒色の髪飾り。\n持たせると冥属性のスキルの威力が上がる。
326,青紫色の髪飾り,1000,3,0,0,1,1,0,0,1,青味を帯びた暗い紫色の髪飾り。\n持たせると毒属性のスキルの威力が上がる。
327,琥珀色の髪飾り,1000,3,0,0,1,1,0,0,1,透明感のある琥珀色の髪飾り。\n持たせると闘属性のスキルの威力が上がる。
328,牡丹色の髪飾り,1000,3,0,0,1,1,0,0,1,華やかな牡丹色の髪飾り。\n持たせると幻属性のスキルの威力が上がる。
329,縞模様の髪飾り,1000,3,0,0,1,1,0,0,1,黒白の縞模様の髪飾り。\n持たせると音属性のスキルの威力が上がる。
330,秘色の髪飾り,1000,3,0,0,1,1,0,0,1,深い青色の髪飾り。\n持たせると歪属性のスキルの威力が上がる。
331,Item331,0,255,0,0,1,1,0,0,1,Item３３１。
332,Item332,0,255,0,0,1,1,0,0,1,Item３３２。
333,目潰し玉,1000,3,0,0,1,1,0,0,1,人形に持たせると野良人形との戦闘から必ず逃げられる。
334,木刀,5000,3,0,0,1,1,0,0,1,鍛練用の木刀。\n持たせると戦闘で得られるＰＰの量が増える。
335,戦闘の教範,8000,3,0,0,1,1,0,0,1,戦いの手引書。\n持たせると戦闘で得られる経験値が増える。
336,Item336,0,255,0,0,1,1,0,0,1,Item３３６。
337,レイラのお守り,0,3,0,0,0,1,0,0,1,四姉妹の写真の下にあったお守り。\n持っている人形が登場した戦闘で 獲得できる道具が倍になる。
338,土着神の御利益,0,3,0,0,0,1,0,0,1,諏訪子から貰ったお守り。\n持たせると戦闘で得られる経験値とＰＰが倍になる。
339,夢現の境界,2,3,0,0,1,1,0,0,0,輝く虹色と透き通った青で半分に別れた宝石。\n特別な人形が持つと全能力が大きく上がる。\n境界を超えることは出来ない。
340,古びたコイン,0,3,0,0,0,1,0,0,1,いっこじゃコンティニュー出来ない。\n持たせた人形の戦闘中 糸による封印確率が上がる。
341,妖怪絵巻-紅-,5000,3,0,0,1,1,0,0,0,紅色の縁取りがなされた 様々な妖怪が描かれた絵巻。\n装飾品破壊の効果を受けない。
342,妖怪絵巻-蒼-,5000,3,0,0,1,1,0,0,0,蒼色の縁取りがなされた 様々な妖怪が描かれた絵巻。\n装飾品破壊の効果を受けない。
343,妖怪絵巻-黒-,5000,3,0,0,1,1,0,0,0,黒色の縁取りがなされた 様々な妖怪が描かれた絵巻。\n装飾品破壊の効果を受けない。
344,妖怪絵巻-白-,5000,3,0,0,1,1,0,0,0,白色の縁取りがなされた 様々な妖怪が描かれた絵巻。\n装飾品破壊の効果を受けない。
345,ビブロ碧,250000,3,0,0,1,1,0,0,0,ビブロ碧
346,Item346,0,255,0,0,1,1,0,0,1,Item３４６。
347,Item347,0,255,0,0,1,1,0,0,1,Item３４７。
348,迎撃ビット,250000,3,0,0,1,1,0,0,1,持たせるとＢＵスキルを受けた時に相手にもダメージを与える。
349,リフレクトビット,250000,3,0,0,1,1,0,0,1,持たせるとＥＮスキルを受けた時に相手にもダメージを与える。
350,希望の面,100,3,0,0,1,1,0,0,0,希望に満ち溢れた表情の面。\n相手のスキルよって怯まず  装飾品破壊の効果を受けない。
351,鉄心のリボン,10000,3,0,0,1,1,0,0,1,習得しているスキル数が３つ以下の場合\n受けるダメージを軽減する。
352,見通し眼鏡,10000,3,0,0,1,1,0,0,1,人形に持たせると 相手の装飾品がわかる。
353,槍投の極意,10000,3,0,0,1,1,0,0,1,戦いの心得が書かれた書物。\n持たせるとジャベリンの威力が上がる。
354,ユメノカケラ,0,3,0,0,0,1,0,0,0,色が変化し続ける不思議な宝石。\n特別な人形に持たせると全能力が上がる。\n境界を超えることは出来ない。
355,鈴の髪飾り,0,3,0,0,0,1,0,0,1,小さな鈴のついた髪飾り。\n先頭の人形に持たせると 野良人形と出会いやすくなる。
356,月の古酒,0,3,0,0,0,1,0,0,0,千年物の古酒。月の狂気が宿っており\n先頭の人形に持たせると 野良人形と出会いにくくなる。
357,博麗のお守り,2,3,0,0,1,1,0,0,1,博麗の力が宿った有り難いお守り。\n人形に持たせると得られる経験値とＰＰが倍になる。
358,Item358,0,255,0,0,1,1,0,0,1,Item３５８。
359,Item359,0,255,0,0,1,1,0,0,1,Item３５９。
360,Item360,0,255,0,0,1,1,0,0,1,Item３６０。
361,Item361,0,255,0,0,1,1,0,0,1,Item３６１。
362,Item362,0,255,0,0,1,1,0,0,1,Item３６２。
363,Item363,0,255,0,0,1,1,0,0,1,Item３６３。
364,Item364,0,255,0,0,1,1,0,0,1,Item３６４。
365,Item365,0,255,0,0,1,1,0,0,1,Item３６５。
366,Item366,0,255,0,0,1,1,0,0,1,Item３６６。
367,Item367,0,255,0,0,1,1,0,0,1,Item３６７。
368,Item368,0,255,0,0,1,1,0,0,1,Item３６８。
369,Item369,0,255,0,0,1,1,0,0,1,Item３６９。
370,Item370,0,255,0,0,1,1,0,0,1,Item３７０。
371,Item371,0,255,0,0,1,1,0,0,1,Item３７１。
372,Item372,0,255,0,0,1,1,0,0,1,Item３７２。
373,Item373,0,255,0,0,1,1,0,0,1,Item３７３。
374,Item374,0,255,0,0,1,1,0,0,1,Item３７４。
375,Item375,0,255,0,0,1,1,0,0,1,Item３７５。
376,Item376,0,255,0,0,1,1,0,0,1,Item３７６。
377,Item377,0,255,0,0,1,1,0,0,1,Item３７７。
378,Item378,0,255,0,0,1,1,0,0,1,Item３７８。
379,Item379,0,255,0,0,1,1,0,0,1,Item３７９。
380,Item380,0,255,0,0,1,1,0,0,1,Item３８０。
381,Item381,0,255,0,0,1,1,0,0,1,Item３８１。
382,Item382,0,255,0,0,1,1,0,0,1,Item３８２。
383,Item383,0,255,0,0,1,1,0,0,1,Item３８３。
384,Item384,0,255,0,0,1,1,0,0,1,Item３８４。
385,スキルカード1,25000,4,0,1,0,0,0,106,1,ファイアジャベリン
386,スキルカード2,25000,4,0,1,0,0,0,155,1,アクアジャベリン
387,スキルカード3,25000,4,0,1,0,0,0,206,1,グラスジャベリン
388,スキルカード4,25000,4,0,1,0,0,0,353,1,ウィンドジャベリン
389,スキルカード5,25000,4,0,1,0,0,0,403,1,スパークジャベリン
390,スキルカード6,25000,4,0,1,0,0,0,454,1,ライトジャベリン
391,スキルカード7,25000,4,0,1,0,0,0,603,1,シャドウジャベリン
392,スキルカード8,0,4,0,1,0,0,0,20,1,オーバースキル
393,スキルカード9,0,4,0,1,0,0,0,22,1,狂乱浄瑠璃
394,スキルカード10,0,4,0,1,0,0,0,24,1,逆境の一手
395,スキルカード11,0,4,0,1,0,0,0,107,1,ライジングサン
396,スキルカード12,0,4,0,1,0,0,0,104,1,バーンストライク
397,スキルカード13,0,4,0,1,0,0,0,152,1,滝落（たきおとし）
398,スキルカード14,0,4,0,1,0,0,0,204,1,飢餓の声
399,スキルカード15,0,4,0,1,0,0,0,201,1,タンブルプラント
400,スキルカード16,0,4,0,1,0,0,0,253,1,シューティングプレス
401,スキルカード17,0,4,0,1,0,0,0,254,1,グランドリベレイト
402,スキルカード18,0,4,0,1,0,0,0,257,1,ストーンスパイク
403,スキルカード19,0,4,0,1,0,0,0,303,1,インパクトリベリオン
404,スキルカード20,0,4,0,1,0,0,0,301,1,霞払い
405,スキルカード21,0,4,0,1,0,0,0,351,1,幻想郷直撃タイフーン
406,スキルカード22,0,4,0,1,0,0,0,354,1,ショックスタンプ
407,スキルカード23,0,4,0,1,0,0,0,355,1,盗難の風
408,スキルカード24,0,4,0,1,0,0,0,404,1,プラズマボール
409,スキルカード25,0,4,0,1,0,0,0,455,1,天光の舞
410,スキルカード26,0,4,0,1,0,0,0,452,1,破邪の弓撃
411,スキルカード27,0,4,0,1,0,0,0,504,1,チェンジリング
412,スキルカード28,0,4,0,1,0,0,0,507,1,ダークアロー
413,スキルカード29,0,4,0,1,0,0,0,506,1,ロストクライシス
414,スキルカード30,0,4,0,1,0,0,0,605,1,三魂七魄の離散
415,スキルカード31,0,4,0,1,0,0,0,553,1,毒矢
416,スキルカード32,0,4,0,1,0,0,0,655,1,真空破断拳
417,スキルカード33,0,4,0,1,0,0,0,656,1,メテオインパクト
418,スキルカード34,0,4,0,1,0,0,0,664,1,ブレイクショット
419,スキルカード35,0,4,0,1,0,0,0,666,1,チャージングスタン
420,スキルカード36,0,4,0,1,0,0,0,706,1,奈落の花
421,スキルカード37,0,4,0,1,0,0,0,707,1,セントエルモの火
422,スキルカード38,0,4,0,1,0,0,0,751,1,爆音フルバースト
423,スキルカード39,0,4,0,1,0,0,0,34,1,トライエフェクト
424,スキルカード40,0,4,0,1,0,0,0,37,1,天神の加護
425,スキルカード41,0,4,0,1,0,0,0,38,1,四神の加護
426,スキルカード42,0,4,0,1,0,0,0,116,1,フラッシュオーバー
427,スキルカード43,35000,4,0,1,0,0,0,111,1,インフェルノ
428,スキルカード44,35000,4,0,1,0,0,0,162,1,コールドレイン
429,スキルカード45,0,4,0,1,0,0,0,165,1,レイジィミスト
430,スキルカード46,0,4,0,1,0,0,0,212,1,彩光百花
431,スキルカード47,0,4,0,1,0,0,0,213,1,ミストフォッグ
432,スキルカード48,0,4,0,1,0,0,0,264,1,ジュエリーストーム
433,スキルカード49,0,4,0,1,0,0,0,313,1,クロームレイ
434,スキルカード50,0,4,0,1,0,0,0,363,1,スマッシュスピン
435,スキルカード51,35000,4,0,1,0,0,0,405,1,雷帝インディグネイト
436,スキルカード52,0,4,0,1,0,0,0,410,1,疾風迅雷
437,スキルカード53,0,4,0,1,0,0,0,407,1,サンダーフォース
438,スキルカード54,0,4,0,1,0,0,0,460,1,スターフレア
439,スキルカード55,0,4,0,1,0,0,0,511,1,ラプラスの目
440,スキルカード56,0,4,0,1,0,0,0,610,1,ゴーストウェーブ
441,スキルカード57,0,4,0,1,0,0,0,611,1,ラヴォルペイン
442,スキルカード58,0,4,0,1,0,0,0,555,1,ポイズンボム
443,スキルカード59,35000,4,0,1,0,0,0,670,1,ギガンティック
444,スキルカード60,0,4,0,1,0,0,0,716,1,アンノウンフレア
445,スキルカード61,0,4,0,1,0,0,0,712,1,グラビティブラスト
446,スキルカード62,0,4,0,1,0,0,0,756,1,ウルトラハイトーン
447,スキルカード63,0,4,0,1,0,0,0,41,1,森羅結界
448,スキルカード64,15000,4,0,1,0,0,0,42,1,バリアオプション
449,スキルカード65,15000,4,0,1,0,0,0,47,1,無我の境地
450,スキルカード66,0,4,0,1,0,0,0,54,1,足止め
451,スキルカード67,0,4,0,1,0,0,0,121,1,テルミット
452,スキルカード68,0,4,0,1,0,0,0,173,1,干ばつ
453,スキルカード69,0,4,0,1,0,0,0,366,1,突風
454,スキルカード70,15000,4,0,1,0,0,0,461,1,フィールドバリア
455,スキルカード71,15000,4,0,1,0,0,0,462,1,フィールドプロテクト
456,スキルカード72,15000,4,0,1,0,0,0,463,1,幸運の虹
457,スキルカード73,0,4,0,1,0,0,0,468,1,閃光弾
458,スキルカード74,0,4,0,1,0,0,0,513,1,シャークトレード
459,スキルカード75,0,4,0,1,0,0,0,518,1,甘い悪夢
460,スキルカード76,0,4,0,1,0,0,0,618,1,後ろの正面
461,スキルカード77,0,4,0,1,0,0,0,561,1,ミアズマ
462,スキルカード78,15000,4,0,1,0,0,0,718,1,コンティニュー
463,スキルカード79,0,4,0,1,0,0,0,762,1,アップビート
464,スキルカード80,0,4,0,1,0,0,0,776,1,クレーム
465,スキルカード81,15000,4,0,1,0,0,0,802,1,ディストーションボム
466,スキルカード82,15000,4,0,1,0,0,0,804,1,ステルスマーダー
467,スキルカード83,15000,4,0,1,0,0,0,806,1,迷霧散花
468,スキルカード84,15000,4,0,1,0,0,0,807,1,インスティンクション 
469,スキルカード85,15000,4,0,1,0,0,0,809,1,フィールドブレイク
470,スキルカード86,15000,4,0,1,0,0,0,377,1,飛翔乱舞
471,スキルカード87,15000,4,0,1,0,0,0,402,1,雷切
472,スキルカード88,15000,4,0,1,0,0,0,661,1,ダンシングソード
473,スキルカード89,15000,4,0,1,0,0,0,752,1,ハイトーンクラッシュ
474,スキルカード90,20000,4,0,1,0,0,0,65,1,オーバーラン
475,スキルカード91,15000,4,0,1,0,0,0,115,1,バックドラフト
476,スキルカード92,15000,4,0,1,0,0,0,164,1,氷獄
477,スキルカード93,15000,4,0,1,0,0,0,378,1,スピニングエア
478,スキルカード94,15000,4,0,1,0,0,0,510,1,ダークネススイーツ
479,スキルカード95,15000,4,0,1,0,0,0,682,1,ブレイブバースト
480,スキルカード96,15000,4,0,1,0,0,0,714,1,カタストロフィ
481,スキルカード97,15000,4,0,1,0,0,0,608,1,ポルターガイスト
482,スキルカード98,35000,4,0,1,0,0,0,120,1,不知火
483,スキルカード99,35000,4,0,1,0,0,0,424,1,ショックパライズ
484,スキルカード100,35000,4,0,1,0,0,0,571,1,酸涙
485,スキルカード101,0,255,0,0,1,0,0,1023,1,ダミー
486,スキルカード102,0,255,0,0,1,0,0,1023,1,ダミー
487,スキルカード103,0,255,0,0,1,0,0,1023,1,ダミー
488,スキルカード104,0,255,0,0,1,0,0,1023,1,ダミー
489,スキルカード105,0,255,0,0,1,0,0,1023,1,ダミー
490,スキルカード106,0,255,0,0,1,0,0,1023,1,ダミー
491,スキルカード107,0,255,0,0,1,0,0,1023,1,ダミー
492,スキルカード108,0,255,0,0,1,0,0,1023,1,ダミー
493,スキルカード109,0,255,0,0,1,0,0,1023,1,ダミー
494,スキルカード110,0,255,0,0,1,0,0,1023,1,ダミー
495,スキルカード111,0,255,0,0,1,0,0,1023,1,ダミー
496,スキルカード112,0,255,0,0,1,0,0,1023,1,ダミー
497,スキルカード113,0,255,0,0,1,0,0,1023,1,ダミー
498,スキルカード101,15000,4,0,1,0,0,0,127,1,炎符
499,スキルカード102,15000,4,0,1,0,0,0,179,1,水符
500,スキルカード103,15000,4,0,1,0,0,0,233,1,自然符
501,スキルカード104,15000,4,0,1,0,0,0,273,1,大地符
502,スキルカード105,15000,4,0,1,0,0,0,327,1,鋼鉄符
503,スキルカード106,15000,4,0,1,0,0,0,375,1,風符
504,スキルカード107,15000,4,0,1,0,0,0,421,1,雷符
505,スキルカード108,15000,4,0,1,0,0,0,474,1,光符
506,スキルカード109,15000,4,0,1,0,0,0,524,1,闇符
507,スキルカード110,15000,4,0,1,0,0,0,623,1,冥符
508,スキルカード111,15000,4,0,1,0,0,0,566,1,毒符
509,スキルカード112,15000,4,0,1,0,0,0,680,1,闘符
510,スキルカード113,15000,4,0,1,0,0,0,741,1,幻符
511,スキルカード114,15000,4,0,1,0,0,0,782,1,音符
512,スキルカード115,15000,4,0,1,0,0,0,817,1,歪符
513,Item513,0,255,0,0,1,0,0,0,1,Item５１３。
514,Item514,0,255,0,0,1,0,0,0,1,Item５１４。
515,Item515,0,255,0,0,1,0,0,0,1,Item５１５。
516,Item516,0,255,0,0,1,0,0,0,1,Item５１６。
517,集弾の薬,500,255,0,0,1,0,0,0,1,戦闘中の人形の集弾を上げる。\n交換すると元に戻る。\n未実装。
518,集防の薬,550,255,0,0,1,0,0,0,1,戦闘中の人形の集防を上げる。\n交換すると元に戻る。\n未実装。
519,俊敏の薬,350,255,0,0,1,0,0,0,1,戦闘中の人形の俊敏を上げる。\n交換すると元に戻る。\n未実装。
520,散弾の薬,350,255,0,0,1,0,0,0,1,戦闘中の人形の散弾を上げる。\n交換すると元に戻る。\n未実装。
521,散防の薬,350,255,0,0,1,0,0,0,1,戦闘中の人形の散防を上げる。\n交換すると元に戻る。\n未実装。
522,命中の薬,950,255,0,0,1,0,0,0,1,戦闘中の人形の命中を上げる。\n交換すると元に戻る。\n未実装。
523,心眼の薬,650,255,0,0,1,0,0,0,1,戦闘中の人形の○○を上げる。\n交換すると元に戻る。\n未実装。
524,不干渉の薬,700,255,0,0,1,0,0,0,1,戦闘中５ターンの間 味方の能力を下げられなくする。\n未実装。
525,雛人形,1000,5,1,0,1,0,0,0,1,野良人形の注意を引き戦闘から必ず逃げられるようにする。
526,Item526,0,255,1,0,1,0,0,0,1,Item５２６。
527,Item527,0,255,1,0,1,0,0,0,1,Item５２７。
528,Item528,0,255,1,0,1,0,0,0,1,Item５２８。
529,Item529,0,255,1,0,1,0,0,0,1,Item５２９。
530,Item530,0,255,1,0,1,0,0,0,1,Item５３０。
531,封印の糸,200,5,1,0,1,0,0,0,1,人形の封印に使用する頑丈な糸。
532,契約の糸,600,5,1,0,1,0,0,0,1,封印の糸より人形を封印しやすくなった少し性能の良い糸。
533,誓約の糸,1200,5,1,0,1,0,0,0,1,契約の糸より人形を封印しやすくなったかなり性能のよい糸。
534,運命の糸,10,5,1,0,1,0,0,0,1,どんな人形も封印する事のできる最高性能の糸。
535,Item535,0,255,1,0,1,0,0,0,1,Item５３５。
536,Item536,0,255,1,0,1,0,0,0,1,Item５３６。
537,Item537,0,255,1,0,1,0,0,0,1,Item５３７。
538,Item538,0,255,1,0,1,0,0,0,1,Item５３８。
539,Item539,0,255,1,0,1,0,0,0,1,Item５３９。
540,Item540,0,255,1,0,1,0,0,0,1,Item５４０。
541,Item541,0,255,1,0,1,0,0,0,1,Item５４１。
542,Item542,0,255,1,0,1,0,0,0,1,Item５４２。
543,Item543,0,255,1,0,1,0,0,0,1,Item５４３。
544,Item544,0,255,1,0,1,0,0,0,1,Item５４４。
545,Item545,0,255,1,0,1,0,0,0,1,Item５４５。
546,Item546,0,255,1,0,1,0,0,0,1,Item５４６。
547,Item547,0,255,1,0,1,0,0,0,1,Item５４７。
548,Item548,0,255,1,0,1,0,0,0,1,Item５４８。
549,Item549,0,255,1,0,1,0,0,0,1,Item５４９。
550,Item550,0,255,1,0,1,0,0,0,1,Item５５０。
551,Item551,0,255,1,0,1,0,0,0,1,Item５５１。
552,Item552,0,255,1,0,1,0,0,0,1,Item５５２。
553,Item553,0,255,1,0,1,0,0,0,1,Item５５３。
554,Item554,0,255,1,0,1,0,0,0,1,Item５５４。
555,Item555,0,255,1,0,1,0,0,0,1,Item５５５。
556,Item556,0,255,1,0,1,0,0,0,1,Item５５６。
557,Item557,0,255,1,0,1,0,0,0,1,Item５５７。
558,Item558,0,255,1,0,1,0,0,0,1,Item５５８。
559,Item559,0,255,1,0,1,0,0,0,1,Item５５９。
560,Item560,0,255,1,0,1,0,0,0,1,Item５６０。
561,Item561,0,255,1,0,1,0,0,0,1,Item５６１。
562,Item562,0,255,1,0,1,0,0,0,1,Item５６２。
563,Item563,0,255,1,0,1,0,0,0,1,Item５６３。
564,Item564,0,255,1,0,1,0,0,0,1,Item５６４。
565,Item565,0,255,1,0,1,0,0,0,1,Item５６５。
566,Item566,0,255,1,0,1,0,0,0,1,Item５６６。
567,Item567,0,255,1,0,1,0,0,0,1,Item５６７。
568,Item568,0,255,1,0,1,0,0,0,1,Item５６８。
569,Item569,0,255,1,0,1,0,0,0,1,Item５６９。
570,Item570,0,255,1,0,1,0,0,0,1,Item５７０。
571,Item571,0,255,1,0,1,0,0,0,1,Item５７１。
572,Item572,0,255,1,0,1,0,0,0,1,Item５７２。
573,Item573,0,255,1,0,1,0,0,0,1,Item５７３。
574,Item574,0,255,1,0,1,0,0,0,1,Item５７４。
575,Item575,0,255,1,0,1,0,0,0,1,Item５７５。
576,Item576,0,255,1,0,1,0,0,0,1,Item５７６。
577,人形図鑑,0,6,0,0,0,0,0,0,1,幻想郷に発生した人形について書かれた図鑑。
578,アリスへの届け物,0,6,0,0,0,0,0,0,1,アリスと言う人物への届け物。\n森にいるらしい。
579,幻想郷之地図,0,6,0,1,0,0,0,0,1,幻想郷の地図。
580,人形箱,0,6,0,0,0,0,0,0,1,欠片状態の人形を入れておく箱。\n阿求人形があるところで開けられる。
581,自転車,0,6,0,1,0,0,0,0,1,速く走る事の出来る折り畳み式の自転車。\nSELECTボタンでも乗ることができる。
582,木こり人形,0,6,0,0,0,0,0,0,1,細い樹木を切る事が出来る人形。\nこれは自立していないようだ。
583,怪力グローブ,0,6,0,0,0,0,0,0,1,岩を砕く事が出来るグローブ。
584,ゴムボート,0,6,0,1,0,0,0,0,1,川などを渡る際に使用するボート。
585,スキマップ,0,6,0,1,0,0,0,0,1,知っている場所に移動できる幻想郷の地図。
586,Item586,0,255,0,0,0,0,0,0,1,Item５８６。
587,Item587,0,255,0,0,0,0,0,0,1,Item５８７。
588,Item588,0,255,0,0,0,0,0,0,1,Item５８８。
589,Item589,0,255,0,0,0,0,0,0,1,Item５８９。
590,桃のかんざし,0,6,0,0,0,0,0,0,1,華扇の無くし物。\n無くし物は これの他に後３つ。\n全部見つけたら 華扇のところへ行こう。
591,戌笛,0,6,0,0,0,0,0,0,1,華扇の無くし物。\n無くし物は これの他に後３つ。\n全部見つけたら 華扇のところへ行こう。
592,申の腰掛,0,6,0,0,0,0,0,0,1,華扇の無くし物。\n無くし物は これの他に後３つ。\n全部見つけたら 華扇のところへ行こう。
593,四条流庖丁道,0,6,0,0,0,0,0,0,1,華扇の無くし物。\n無くし物は これの他に後３つ。\n全部見つけたら 華扇のところへ行こう。
594,Item594,0,255,0,0,0,0,0,0,1,Item５９４。
595,Item595,0,255,0,0,0,0,0,0,1,Item５９５。
596,Item596,0,255,0,0,0,0,0,0,1,Item５９６。
597,Item597,0,255,0,0,0,0,0,0,1,Item５９７。
598,異変ノ断章 壱,0,6,0,0,0,0,0,0,1,人形異変について書かれた書物の第一巻。
599,異変ノ断章 弐,0,6,0,0,0,0,0,0,1,人形異変について書かれた書物の第二巻。
600,異変ノ断章 参,0,6,0,0,0,0,0,0,1,人形異変について書かれた書物の第三巻。
601,異変ノ断章 肆,0,6,0,0,0,0,0,0,1,人形異変について書かれた書物の第四巻。
602,異変ノ断章 伍,0,6,0,0,0,0,0,0,1,人形異変について書かれた書物の第五巻。
603,異変ノ断章 陸,0,6,0,0,0,0,0,0,1,人形異変について書かれた書物の第六巻。
604,異変ノ断章 漆,0,6,0,0,0,0,0,0,1,人形異変について書かれた書物の第七巻。
605,異変ノ断章 捌,0,6,0,0,0,0,0,0,1,人形異変について書かれた書物の第八巻。
606,異変ノ断章 玖,0,6,0,0,0,0,0,0,1,人形異変について書かれた書物の第九巻。
607,異変ノ断章 拾,0,6,0,0,0,0,0,0,1,人形異変について書かれた書物の第十巻。
608,Item608,0,255,0,0,0,0,0,0,1,Item６０８。
609,Item609,0,255,0,0,0,0,0,0,1,Item６０９。
610,Item610,0,255,0,0,0,0,0,0,1,Item６１０。
611,Item611,0,255,0,0,0,0,0,0,1,Item６１１。
612,古びた鍵,0,6,0,0,0,0,0,0,1,紅魔館地下で 手に入れた古い鍵。\n複数回は使えそうにない。
613,大量の綿,0,6,0,0,0,0,0,0,1,ぬいぐるみ用の綿。大量にある。
614,針,0,6,0,0,0,0,0,0,1,裁縫用の針。
615,糸,0,6,0,0,0,0,0,0,1,裁縫用の太目の糸。
616,はさみ,0,6,0,0,0,0,0,0,1,布を裁断するはさみ。
617,布,0,6,0,0,0,0,0,0,1,茶色の大きな布。
618,大きなテディベア,0,6,0,0,0,0,0,0,1,予想以上に大きい。
619,壊れたテディベア,0,6,0,0,0,0,0,0,1,パーツがちぎれたテディベア。\n所々から綿がはみ出ている。
620,ホールケーキ,0,6,0,0,0,0,0,0,1,ホールのショートケーキ。
621,ショートケーキ,0,6,0,0,0,0,0,0,1,切り分けられたショートケーキ。
622,Item622,0,255,0,0,0,0,0,0,1,Item６２２。
623,Item623,0,255,0,0,0,0,0,0,1,Item６２２。
624,Item624,0,255,0,0,0,0,0,0,1,Item６２４。
625,Item625,0,255,0,0,0,0,0,0,1,Item６２５。
626,Item626,0,255,0,0,0,0,0,0,1,Item６２６。
627,Item627,0,255,0,0,0,0,0,0,1,Item６２７。
628,Item628,0,255,0,0,0,0,0,0,1,Item６２８。
629,Item629,0,255,0,0,0,0,0,0,1,Item６２９。
630,Item630,0,255,0,0,0,0,0,0,1,Item６３０。
631,Item631,0,255,0,0,0,0,0,0,1,Item６３１。
632,Item632,0,255,0,0,0,0,0,0,1,Item６３２。
633,Item633,0,255,0,0,0,0,0,0,1,Item６３３。
634,Item634,0,255,0,0,0,0,0,0,1,Item６３４。
635,Item635,0,255,0,0,0,0,0,0,1,Item６３５。
636,Item636,0,255,0,0,0,0,0,0,1,Item６３６。
637,Item637,0,255,0,0,0,0,0,0,1,Item６３７。
638,Item638,0,255,0,0,0,0,0,0,1,Item６３８。
639,Item639,0,255,0,0,0,0,0,0,1,Item６３９。
640,Item640,0,255,0,0,0,0,0,0,1,Item６４０。
641,Item641,0,255,0,0,0,0,0,0,1,Item６４１。
642,Item642,0,255,0,0,0,0,0,0,1,Item６４２。
643,Item643,0,255,0,0,0,0,0,0,1,Item６４３。
644,Item644,0,255,0,0,0,0,0,0,1,Item６４４。
645,Item645,0,255,0,0,0,0,0,0,1,Item６４５。
646,Item646,0,255,0,0,0,0,0,0,1,Item６４６。
647,Item647,0,255,0,0,0,0,0,0,1,Item６４７。
648,Item648,0,255,0,0,0,0,0,0,1,Item６４８。
649,Item649,0,255,0,0,0,0,0,0,1,Item６４９。
650,Item650,0,255,0,0,0,0,0,0,1,Item６５０。
651,Item651,0,255,0,0,0,0,0,0,1,Item６５１。
652,Item652,0,255,0,0,0,0,0,0,1,Item６５２。
653,Item653,0,255,0,0,0,0,0,0,1,Item６５３。
654,Item654,0,255,0,0,0,0,0,0,1,Item６５４。
655,Item655,0,255,0,0,0,0,0,0,1,Item６５５。
656,Item656,0,255,0,0,0,0,0,0,1,Item６５６。
657,Item657,0,255,0,0,0,0,0,0,1,Item６５７。
658,Item658,0,255,0,0,0,0,0,0,1,Item６５８。
659,Item659,0,255,0,0,0,0,0,0,1,Item６５９。
660,Item660,0,255,0,0,0,0,0,0,1,Item６６０。
661,Item661,0,255,0,0,0,0,0,0,1,Item６６１。
662,Item662,0,255,0,0,0,0,0,0,1,Item６６２。
663,Item663,0,255,0,0,0,0,0,0,1,Item６６３。
664,Item664,0,255,0,0,0,0,0,0,1,Item６６４。
665,Item665,0,255,0,0,0,0,0,0,1,Item６６５。
666,Item666,0,255,0,0,0,0,0,0,1,Item６６６。
667,Item667,0,255,0,0,0,0,0,0,1,Item６６７。
668,Item668,0,255,0,0,0,0,0,0,1,Item６６８。
669,Item669,0,255,0,0,0,0,0,0,1,Item６６９。
670,Item670,0,255,0,0,0,0,0,0,1,Item６７０。
671,Item671,0,255,0,0,0,0,0,0,1,Item６７１。
672,Item672,0,255,0,0,0,0,0,0,1,Item６７２。
673,Item673,0,255,0,0,0,0,0,0,1,Item６７３。
674,Item674,0,255,0,0,0,0,0,0,1,Item６７４。
675,Item675,0,255,0,0,0,0,0,0,1,Item６７５。
676,Item676,0,255,0,0,0,0,0,0,1,Item６７６。
677,Item677,0,255,0,0,0,0,0,0,1,Item６７７。
678,Item678,0,255,0,0,0,0,0,0,1,Item６７８。
679,Item679,0,255,0,0,0,0,0,0,1,Item６７９。
680,Item680,0,255,0,0,0,0,0,0,1,Item６８０。
681,Item681,0,255,0,0,0,0,0,0,1,Item６８１。
682,Item682,0,255,0,0,0,0,0,0,1,Item６８２。
683,Item683,0,255,0,0,0,0,0,0,1,Item６８３。
684,Item684,0,255,0,0,0,0,0,0,1,Item６８４。
685,Item685,0,255,0,0,0,0,0,0,1,Item６８５。
686,Item686,0,255,0,0,0,0,0,0,1,Item６８６。
687,Item687,0,255,0,0,0,0,0,0,1,Item６８７。
688,Item688,0,255,0,0,0,0,0,0,1,Item６８８。
689,Item689,0,255,0,0,0,0,0,0,1,Item６８９。
690,Item690,0,255,0,0,0,0,0,0,1,Item６９０。
691,Item691,0,255,0,0,0,0,0,0,1,Item６９１。
692,Item692,0,255,0,0,0,0,0,0,1,Item６９２。
693,Item693,0,255,0,0,0,0,0,0,1,Item６９３。
694,Item694,0,255,0,0,0,0,0,0,1,Item６９４。
695,Item695,0,255,0,0,0,0,0,0,1,Item６９５。
696,Item696,0,255,0,0,0,0,0,0,1,Item６９６。
697,Item697,0,255,0,0,0,0,0,0,1,Item６９７。
698,Item698,0,255,0,0,0,0,0,0,1,Item６９８。
699,Item699,0,255,0,0,0,0,0,0,1,Item６９９。
700,Item700,0,255,0,0,0,0,0,0,1,Item７００。
701,Item701,0,255,0,0,0,0,0,0,1,Item７０１。
702,Item702,0,255,0,0,0,0,0,0,1,Item７０２。
703,Item703,0,255,0,0,0,0,0,0,1,Item７０３。
704,Item704,0,255,0,0,0,0,0,0,1,Item７０４。
705,Item705,0,255,0,0,0,0,0,0,1,Item７０５。
706,Item706,0,255,0,0,0,0,0,0,1,Item７０６。
707,Item707,0,255,0,0,0,0,0,0,1,Item７０７。
708,Item708,0,255,0,0,0,0,0,0,1,Item７０８。
709,Item709,0,255,0,0,0,0,0,0,1,Item７０９。
710,Item710,0,255,0,0,0,0,0,0,1,Item７１０。
711,Item711,0,255,0,0,0,0,0,0,1,Item７１１。
712,Item712,0,255,0,0,0,0,0,0,1,Item７１２。
713,Item713,0,255,0,0,0,0,0,0,1,Item７１３。
714,Item714,0,255,0,0,0,0,0,0,1,Item７１４。
715,Item715,0,255,0,0,0,0,0,0,1,Item７１５。
716,Item716,0,255,0,0,0,0,0,0,1,Item７１６。
717,Item717,0,255,0,0,0,0,0,0,1,Item７１７。
718,Item718,0,255,0,0,0,0,0,0,1,Item７１８。
719,Item719,0,255,0,0,0,0,0,0,1,Item７１９。
720,Item720,0,255,0,0,0,0,0,0,1,Item７２０。
721,Item721,0,255,0,0,0,0,0,0,1,Item７２１。
722,Item722,0,255,0,0,0,0,0,0,1,Item７２２。
723,Item723,0,255,0,0,0,0,0,0,1,Item７２３。
724,Item724,0,255,0,0,0,0,0,0,1,Item７２４。
725,Item725,0,255,0,0,0,0,0,0,1,Item７２５。
726,Item726,0,255,0,0,0,0,0,0,1,Item７２６。
727,Item727,0,255,0,0,0,0,0,0,1,Item７２７。
728,Item728,0,255,0,0,0,0,0,0,1,Item７２８。
729,Item729,0,255,0,0,0,0,0,0,1,Item７２９。
730,Item730,0,255,0,0,0,0,0,0,1,Item７３０。
731,Item731,0,255,0,0,0,0,0,0,1,Item７３１。
732,Item732,0,255,0,0,0,0,0,0,1,Item７３２。
733,Item733,0,255,0,0,0,0,0,0,1,Item７３３。
734,Item734,0,255,0,0,0,0,0,0,1,Item７３４。
735,Item735,0,255,0,0,0,0,0,0,1,Item７３５。
736,Item736,0,255,0,0,0,0,0,0,1,Item７３６。
737,Item737,0,255,0,0,0,0,0,0,1,Item７３７。
738,Item738,0,255,0,0,0,0,0,0,1,Item７３８。
739,Item739,0,255,0,0,0,0,0,0,1,Item７３９。
740,Item740,0,255,0,0,0,0,0,0,1,Item７４０。
741,Item741,0,255,0,0,0,0,0,0,1,Item７４１。
742,Item742,0,255,0,0,0,0,0,0,1,Item７４２。
743,Item743,0,255,0,0,0,0,0,0,1,Item７４３。
744,Item744,0,255,0,0,0,0,0,0,1,Item７４４。
745,Item745,0,255,0,0,0,0,0,0,1,Item７４５。
746,Item746,0,255,0,0,0,0,0,0,1,Item７４６。
747,Item747,0,255,0,0,0,0,0,0,1,Item７４７。
748,Item748,0,255,0,0,0,0,0,0,1,Item７４８。
749,Item749,0,255,0,0,0,0,0,0,1,Item７４９。
750,Item750,0,255,0,0,0,0,0,0,1,Item７５０。
751,Item751,0,255,0,0,0,0,0,0,1,Item７５１。
752,Item752,0,255,0,0,0,0,0,0,1,Item７５２。
753,Item753,0,255,0,0,0,0,0,0,1,Item７５３。
754,Item754,0,255,0,0,0,0,0,0,1,Item７５４。
755,Item755,0,255,0,0,0,0,0,0,1,Item７５５。
756,Item756,0,255,0,0,0,0,0,0,1,Item７５６。
757,Item757,0,255,0,0,0,0,0,0,1,Item７５７。
758,Item758,0,255,0,0,0,0,0,0,1,Item７５８。
759,Item759,0,255,0,0,0,0,0,0,1,Item７５９。
760,Item760,0,255,0,0,0,0,0,0,1,Item７６０。
761,Item761,0,255,0,0,0,0,0,0,1,Item７６１。
762,Item762,0,255,0,0,0,0,0,0,1,Item７６２。
763,Item763,0,255,0,0,0,0,0,0,1,Item７６３。
764,Item764,0,255,0,0,0,0,0,0,1,Item７６４。
765,Item765,0,255,0,0,0,0,0,0,1,Item７６５。
766,Item766,0,255,0,0,0,0,0,0,1,Item７６６。
767,Item767,0,255,0,0,0,0,0,0,1,Item７６７。
768,Item768,0,255,0,0,0,0,0,0,1,Item７６８。
769,Item769,0,255,0,0,0,0,0,0,1,Item７６９。
770,Item770,0,255,0,0,0,0,0,0,1,Item７７０。
771,Item771,0,255,0,0,0,0,0,0,1,Item７７１。
772,Item772,0,255,0,0,0,0,0,0,1,Item７７２。
773,Item773,0,255,0,0,0,0,0,0,1,Item７７３。
774,Item774,0,255,0,0,0,0,0,0,1,Item７７４。
775,Item775,0,255,0,0,0,0,0,0,1,Item７７５。
776,Item776,0,255,0,0,0,0,0,0,1,Item７７６。
777,Item777,0,255,0,0,0,0,0,0,1,Item７７７。
778,Item778,0,255,0,0,0,0,0,0,1,Item７７８。
779,Item779,0,255,0,0,0,0,0,0,1,Item７７９。
780,Item780,0,255,0,0,0,0,0,0,1,Item７８０。
781,Item781,0,255,0,0,0,0,0,0,1,Item７８１。
782,Item782,0,255,0,0,0,0,0,0,1,Item７８２。
783,Item783,0,255,0,0,0,0,0,0,1,Item７８３。
784,Item784,0,255,0,0,0,0,0,0,1,Item７８４。
785,Item785,0,255,0,0,0,0,0,0,1,Item７８５。
786,Item786,0,255,0,0,0,0,0,0,1,Item７８６。
787,Item787,0,255,0,0,0,0,0,0,1,Item７８７。
788,Item788,0,255,0,0,0,0,0,0,1,Item７８８。
789,Item789,0,255,0,0,0,0,0,0,1,Item７８９。
790,Item790,0,255,0,0,0,0,0,0,1,Item７９０。
791,Item791,0,255,0,0,0,0,0,0,1,Item７９１。
792,Item792,0,255,0,0,0,0,0,0,1,Item７９２。
793,Item793,0,255,0,0,0,0,0,0,1,Item７９３。
794,Item794,0,255,0,0,0,0,0,0,1,Item７９４。
795,Item795,0,255,0,0,0,0,0,0,1,Item７９５。
796,Item796,0,255,0,0,0,0,0,0,1,Item７９６。
797,Item797,0,255,0,0,0,0,0,0,1,Item７９７。
798,Item798,0,255,0,0,0,0,0,0,1,Item７９８。
799,Item799,0,255,0,0,0,0,0,0,1,Item７９９。
800,Item800,0,255,0,0,0,0,0,0,1,Item８００。
801,Item801,0,255,0,0,0,0,0,0,1,Item８０１。
802,Item802,0,255,0,0,0,0,0,0,1,Item８０２。
803,Item803,0,255,0,0,0,0,0,0,1,Item８０３。
804,Item804,0,255,0,0,0,0,0,0,1,Item８０４。
805,Item805,0,255,0,0,0,0,0,0,1,Item８０５。
806,Item806,0,255,0,0,0,0,0,0,1,Item８０６。
807,Item807,0,255,0,0,0,0,0,0,1,Item８０７。
808,Item808,0,255,0,0,0,0,0,0,1,Item８０８。
809,Item809,0,255,0,0,0,0,0,0,1,Item８０９。
810,Item810,0,255,0,0,0,0,0,0,1,Item８１０。
811,Item811,0,255,0,0,0,0,0,0,1,Item８１１。
812,Item812,0,255,0,0,0,0,0,0,1,Item８１２。
813,Item813,0,255,0,0,0,0,0,0,1,Item８１３。
814,Item814,0,255,0,0,0,0,0,0,1,Item８１４。
815,Item815,0,255,0,0,0,0,0,0,1,Item８１５。
816,Item816,0,255,0,0,0,0,0,0,1,Item８１６。
817,Item817,0,255,0,0,0,0,0,0,1,Item８１７。
818,Item818,0,255,0,0,0,0,0,0,1,Item８１８。
819,Item819,0,255,0,0,0,0,0,0,1,Item８１９。
820,Item820,0,255,0,0,0,0,0,0,1,Item８２０。
821,Item821,0,255,0,0,0,0,0,0,1,Item８２１。
822,Item822,0,255,0,0,0,0,0,0,1,Item８２２。
823,Item823,0,255,0,0,0,0,0,0,1,Item８２３。
824,Item824,0,255,0,0,0,0,0,0,1,Item８２４。
825,Item825,0,255,0,0,0,0,0,0,1,Item８２５。
826,Item826,0,255,0,0,0,0,0,0,1,Item８２６。
827,Item827,0,255,0,0,0,0,0,0,1,Item８２７。
828,Item828,0,255,0,0,0,0,0,0,1,Item８２８。
829,Item829,0,255,0,0,0,0,0,0,1,Item８２９。
830,Item830,0,255,0,0,0,0,0,0,1,Item８３０。
831,Item831,0,255,0,0,0,0,0,0,1,Item８３１。
832,Item832,0,255,0,0,0,0,0,0,1,Item８３２。
833,Item833,0,255,0,0,0,0,0,0,1,Item８３３。
834,Item834,0,255,0,0,0,0,0,0,1,Item８３４。
835,Item835,0,255,0,0,0,0,0,0,1,Item８３５。
836,Item836,0,255,0,0,0,0,0,0,1,Item８３６。
837,Item837,0,255,0,0,0,0,0,0,1,Item８３７。
838,Item838,0,255,0,0,0,0,0,0,1,Item８３８。
839,Item839,0,255,0,0,0,0,0,0,1,Item８３９。
840,Item840,0,255,0,0,0,0,0,0,1,Item８４０。
841,Item841,0,255,0,0,0,0,0,0,1,Item８４１。
842,Item842,0,255,0,0,0,0,0,0,1,Item８４２。
843,Item843,0,255,0,0,0,0,0,0,1,Item８４３。
844,Item844,0,255,0,0,0,0,0,0,1,Item８４４。
845,Item845,0,255,0,0,0,0,0,0,1,Item８４５。
846,Item846,0,255,0,0,0,0,0,0,1,Item８４６。
847,Item847,0,255,0,0,0,0,0,0,1,Item８４７。
848,Item848,0,255,0,0,0,0,0,0,1,Item８４８。
849,Item849,0,255,0,0,0,0,0,0,1,Item８４９。
850,Item850,0,255,0,0,0,0,0,0,1,Item８５０。
851,Item851,0,255,0,0,0,0,0,0,1,Item８５１。
852,Item852,0,255,0,0,0,0,0,0,1,Item８５２。
853,Item853,0,255,0,0,0,0,0,0,1,Item８５３。
854,Item854,0,255,0,0,0,0,0,0,1,Item８５４。
855,Item855,0,255,0,0,0,0,0,0,1,Item８５５。
856,Item856,0,255,0,0,0,0,0,0,1,Item８５６。
857,Item857,0,255,0,0,0,0,0,0,1,Item８５７。
858,Item858,0,255,0,0,0,0,0,0,1,Item８５８。
859,Item859,0,255,0,0,0,0,0,0,1,Item８５９。
860,Item860,0,255,0,0,0,0,0,0,1,Item８６０。
861,Item861,0,255,0,0,0,0,0,0,1,Item８６１。
862,Item862,0,255,0,0,0,0,0,0,1,Item８６２。
863,Item863,0,255,0,0,0,0,0,0,1,Item８６３。
864,Item864,0,255,0,0,0,0,0,0,1,Item８６４。
865,Item865,0,255,0,0,0,0,0,0,1,Item８６５。
866,Item866,0,255,0,0,0,0,0,0,1,Item８６６。
867,Item867,0,255,0,0,0,0,0,0,1,Item８６７。
868,Item868,0,255,0,0,0,0,0,0,1,Item８６８。
869,Item869,0,255,0,0,0,0,0,0,1,Item８６９。
870,Item870,0,255,0,0,0,0,0,0,1,Item８７０。
871,Item871,0,255,0,0,0,0,0,0,1,Item８７１。
872,Item872,0,255,0,0,0,0,0,0,1,Item８７２。
873,Item873,0,255,0,0,0,0,0,0,1,Item８７３。
874,Item874,0,255,0,0,0,0,0,0,1,Item８７４。
875,Item875,0,255,0,0,0,0,0,0,1,Item８７５。
876,Item876,0,255,0,0,0,0,0,0,1,Item８７６。
877,Item877,0,255,0,0,0,0,0,0,1,Item８７７。
878,Item878,0,255,0,0,0,0,0,0,1,Item８７８。
879,Item879,0,255,0,0,0,0,0,0,1,Item８７９。
880,Item880,0,255,0,0,0,0,0,0,1,Item８８０。
881,Item881,0,255,0,0,0,0,0,0,1,Item８８１。
882,Item882,0,255,0,0,0,0,0,0,1,Item８８２。
883,Item883,0,255,0,0,0,0,0,0,1,Item８８３。
884,Item884,0,255,0,0,0,0,0,0,1,Item８８４。
885,Item885,0,255,0,0,0,0,0,0,1,Item８８５。
886,Item886,0,255,0,0,0,0,0,0,1,Item８８６。
887,Item887,0,255,0,0,0,0,0,0,1,Item８８７。
888,Item888,0,255,0,0,0,0,0,0,1,Item８８８。
889,Item889,0,255,0,0,0,0,0,0,1,Item８８９。
890,Item890,0,255,0,0,0,0,0,0,1,Item８９０。
891,Item891,0,255,0,0,0,0,0,0,1,Item８９１。
892,Item892,0,255,0,0,0,0,0,0,1,Item８９２。
893,Item893,0,255,0,0,0,0,0,0,1,Item８９３。
894,Item894,0,255,0,0,0,0,0,0,1,Item８９４。
895,Item895,0,255,0,0,0,0,0,0,1,Item８９５。
896,Item896,0,255,0,0,0,0,0,0,1,Item８９６。
897,Item897,0,255,0,0,0,0,0,0,1,Item８９７。
898,Item898,0,255,0,0,0,0,0,0,1,Item８９８。
899,Item899,0,255,0,0,0,0,0,0,1,Item８９９。
900,Item900,0,255,0,0,0,0,0,0,1,Item９００。
901,Item901,0,255,0,0,0,0,0,0,1,Item９０１。
902,Item902,0,255,0,0,0,0,0,0,1,Item９０２。
903,Item903,0,255,0,0,0,0,0,0,1,Item９０３。
904,Item904,0,255,0,0,0,0,0,0,1,Item９０４。
905,Item905,0,255,0,0,0,0,0,0,1,Item９０５。
906,Item906,0,255,0,0,0,0,0,0,1,Item９０６。
907,Item907,0,255,0,0,0,0,0,0,1,Item９０７。
908,Item908,0,255,0,0,0,0,0,0,1,Item９０８。
909,Item909,0,255,0,0,0,0,0,0,1,Item９０９。
910,Item910,0,255,0,0,0,0,0,0,1,Item９１０。
911,Item911,0,255,0,0,0,0,0,0,1,Item９１１。
912,Item912,0,255,0,0,0,0,0,0,1,Item９１２。
913,Item913,0,255,0,0,0,0,0,0,1,Item９１３。
914,Item914,0,255,0,0,0,0,0,0,1,Item９１４。
915,Item915,0,255,0,0,0,0,0,0,1,Item９１５。
916,Item916,0,255,0,0,0,0,0,0,1,Item９１６。
917,Item917,0,255,0,0,0,0,0,0,1,Item９１７。
918,Item918,0,255,0,0,0,0,0,0,1,Item９１８。
919,Item919,0,255,0,0,0,0,0,0,1,Item９１９。
920,Item920,0,255,0,0,0,0,0,0,1,Item９２０。
921,Item921,0,255,0,0,0,0,0,0,1,Item９２１。
922,Item922,0,255,0,0,0,0,0,0,1,Item９２２。
923,Item923,0,255,0,0,0,0,0,0,1,Item９２３。
924,Item924,0,255,0,0,0,0,0,0,1,Item９２４。
925,Item925,0,255,0,0,0,0,0,0,1,Item９２５。
926,Item926,0,255,0,0,0,0,0,0,1,Item９２６。
927,Item927,0,255,0,0,0,0,0,0,1,Item９２７。
928,Item928,0,255,0,0,0,0,0,0,1,Item９２８。
929,Item929,0,255,0,0,0,0,0,0,1,Item９２９。
930,Item930,0,255,0,0,0,0,0,0,1,Item９３０。
931,Item931,0,255,0,0,0,0,0,0,1,Item９３１。
932,Item932,0,255,0,0,0,0,0,0,1,Item９３２。
933,Item933,0,255,0,0,0,0,0,0,1,Item９３３。
934,Item934,0,255,0,0,0,0,0,0,1,Item９３４。
935,Item935,0,255,0,0,0,0,0,0,1,Item９３５。
936,Item936,0,255,0,0,0,0,0,0,1,Item９３６。
937,Item937,0,255,0,0,0,0,0,0,1,Item９３７。
938,Item938,0,255,0,0,0,0,0,0,1,Item９３８。
939,Item939,0,255,0,0,0,0,0,0,1,Item９３９。
940,Item940,0,255,0,0,0,0,0,0,1,Item９４０。
941,Item941,0,255,0,0,0,0,0,0,1,Item９４１。
942,Item942,0,255,0,0,0,0,0,0,1,Item９４２。
943,Item943,0,255,0,0,0,0,0,0,1,Item９４３。
944,Item944,0,255,0,0,0,0,0,0,1,Item９４４。
945,Item945,0,255,0,0,0,0,0,0,1,Item９４５。
946,Item946,0,255,0,0,0,0,0,0,1,Item９４６。
947,Item947,0,255,0,0,0,0,0,0,1,Item９４７。
948,Item948,0,255,0,0,0,0,0,0,1,Item９４８。
949,Item949,0,255,0,0,0,0,0,0,1,Item９４９。
950,Item950,0,255,0,0,0,0,0,0,1,Item９５０。
951,Item951,0,255,0,0,0,0,0,0,1,Item９５１。
952,Item952,0,255,0,0,0,0,0,0,1,Item９５２。
953,Item953,0,255,0,0,0,0,0,0,1,Item９５３。
954,Item954,0,255,0,0,0,0,0,0,1,Item９５４。
955,Item955,0,255,0,0,0,0,0,0,1,Item９５５。
956,Item956,0,255,0,0,0,0,0,0,1,Item９５６。
957,Item957,0,255,0,0,0,0,0,0,1,Item９５７。
958,Item958,0,255,0,0,0,0,0,0,1,Item９５８。
959,Item959,0,255,0,0,0,0,0,0,1,Item９５９。
960,Item960,0,255,0,0,0,0,0,0,1,Item９６０。
961,Item961,0,255,0,0,0,0,0,0,1,Item９６１。
962,Item962,0,255,0,0,0,0,0,0,1,Item９６２。
963,Item963,0,255,0,0,0,0,0,0,1,Item９６３。
964,Item964,0,255,0,0,0,0,0,0,1,Item９６４。
965,Item965,0,255,0,0,0,0,0,0,1,Item９６５。
966,Item966,0,255,0,0,0,0,0,0,1,Item９６６。
967,Item967,0,255,0,0,0,0,0,0,1,Item９６７。
968,Item968,0,255,0,0,0,0,0,0,1,Item９６８。
969,Item969,0,255,0,0,0,0,0,0,1,Item９６９。
970,Item970,0,255,0,0,0,0,0,0,1,Item９７０。
971,Item971,0,255,0,0,0,0,0,0,1,Item９７１。
972,Item972,0,255,0,0,0,0,0,0,1,Item９７２。
973,Item973,0,255,0,0,0,0,0,0,1,Item９７３。
974,Item974,0,255,0,0,0,0,0,0,1,Item９７４。
975,Item975,0,255,0,0,0,0,0,0,1,Item９７５。
976,Item976,0,255,0,0,0,0,0,0,1,Item９７６。
977,Item977,0,255,0,0,0,0,0,0,1,Item９７７。
978,Item978,0,255,0,0,0,0,0,0,1,Item９７８。
979,Item979,0,255,0,0,0,0,0,0,1,Item９７９。
980,Item980,0,255,0,0,0,0,0,0,1,Item９８０。
981,Item981,0,255,0,0,0,0,0,0,1,Item９８１。
982,Item982,0,255,0,0,0,0,0,0,1,Item９８２。
983,Item983,0,255,0,0,0,0,0,0,1,Item９８３。
984,Item984,0,255,0,0,0,0,0,0,1,Item９８４。
985,Item985,0,255,0,0,0,0,0,0,1,Item９８５。
986,Item986,0,255,0,0,0,0,0,0,1,Item９８６。
987,Item987,0,255,0,0,0,0,0,0,1,Item９８７。
988,Item988,0,255,0,0,0,0,0,0,1,Item９８８。
989,Item989,0,255,0,0,0,0,0,0,1,Item９８９。
990,Item990,0,255,0,0,0,0,0,0,1,Item９９０。
991,Item991,0,255,0,0,0,0,0,0,1,Item９９１。
992,Item992,0,255,0,0,0,0,0,0,1,Item９９２。
993,Item993,0,255,0,0,0,0,0,0,1,Item９９３。
994,Item994,0,255,0,0,0,0,0,0,1,Item９９４。
995,Item995,0,255,0,0,0,0,0,0,1,Item９９５。
996,Item996,0,255,0,0,0,0,0,0,1,Item９９６。
997,Item997,0,255,0,0,0,0,0,0,1,Item９９７。
998,Item998,0,255,0,0,0,0,0,0,1,Item９９８。
999,Item999,0,255,0,0,0,0,0,0,1,Item９９９。
1000,Item1000,0,255,0,0,0,0,0,0,1,Item１０００。
1001,Item1001,0,255,0,0,0,0,0,0,1,Item１００１。
1002,Item1002,0,255,0,0,0,0,0,0,1,Item１００２。
1003,Item1003,0,255,0,0,0,0,0,0,1,Item１００３。
1004,Item1004,0,255,0,0,0,0,0,0,1,Item１００４。
1005,Item1005,0,255,0,0,0,0,0,0,1,Item１００５。
1006,Item1006,0,255,0,0,0,0,0,0,1,Item１００６。
1007,Item1007,0,255,0,0,0,0,0,0,1,Item１００７。
1008,Item1008,0,255,0,0,0,0,0,0,1,Item１００８。
1009,Item1009,0,255,0,0,0,0,0,0,1,Item１００９。
1010,Item1010,0,255,0,0,0,0,0,0,1,Item１０１０。
1011,Item1011,0,255,0,0,0,0,0,0,1,Item１０１１。
1012,Item1012,0,255,0,0,0,0,0,0,1,Item１０１２。
1013,Item1013,0,255,0,0,0,0,0,0,1,Item１０１３。
1014,Item1014,0,255,0,0,0,0,0,0,1,Item１０１４。
1015,Item1015,0,255,0,0,0,0,0,0,1,Item１０１５。
1016,Item1016,0,255,0,0,0,0,0,0,1,Item１０１６。
1017,Item1017,0,255,0,0,0,0,0,0,1,Item１０１７。
1018,Item1018,0,255,0,0,0,0,0,0,1,Item１０１８。
1019,Item1019,0,255,0,0,0,0,0,0,1,Item１０１９。
1020,Item1020,0,255,0,0,0,0,0,0,1,Item１０２０。
1021,Item1021,0,255,0,0,0,0,0,0,1,Item１０２１。
1022,Item1022,0,255,0,0,0,0,0,0,1,Item１０２２。
1023,Item1023,0,255,0,0,0,0,0,0,1,Item１０２３。
